"","term","estimate","std.error","statistic","p.value"
"1","(Intercept)",-0.348928938541769,0.0282154819380843,-12.3665773034625,2.17250061351877e-27
"2","log10(abs_sum_slope)",-0.0535155787667139,0.0159566474570527,-3.3538109374636,0.000929045282682052
"3","richness3",-0.0416558193961379,0.0184903888645568,-2.25283630870444,0.0251927228218867
"4","richness4",-0.0124362147183481,0.0187108879351346,-0.664651232023886,0.506925272004011
"5","temperature22-25 °C",-0.0778120651296375,0.0185320924845417,-4.19877384027429,3.80990425588411e-05
"6","temperature25-28 °C",-0.0983027786206665,0.0245663569229022,-4.00152040976913,8.43817420470667e-05
"7","nutrients0.35 g/L",0.179582509206676,0.018598841648442,9.65557493316896,8.59525815501364e-19
"8","nutrients0.75 g/L",0.212180379427061,0.0193201473861499,10.9823375146283,6.42718080493577e-23
